no,kategori,kode_barang,nama_barang,nomor_urut_pendaftaran,nomor_register,merk_type,ukuran_cc,bahan,tahun_perolehan,nomor_pabrik,nomor_rangka,nomor_mesin,nomor_polisi,nomor_bpkb,ruang_lokasi,asal_usul,harga_rp,keterangan
1,A. INTRA KOMPATABEL,02.02.01.01.003,Station Wagon,04010030002000001,000001,TOYOTA / NEW AVANZA VELOZ 1.5 M/T,01495 cc,Besi,2013,,MHKM1CA4JDKO52467,DDX5480,G 9508 FE,,Depan kantor,Pembelian,184960000,(Kendaraan Dinas Roda 4)
2,A. INTRA KOMPATABEL,02.02.01.04.001,Sepeda Motor,04010030002000002,000002,Yamaha/Crypton / Cripton/T105 E,00105 cc,Besi,2000,,MH34ST002YK272324,4ST403227,G9962E,B 0141135I,Staf,Pembelian,9265000,(Sepeda Motor)
3,A. INTRA KOMPATABEL,02.02.01.04.001,Sepeda Motor,04010030002000004,000005,Yamaha  / IFD,115 cc,Besi,2014,,MH31FD005FJ07789,1FD077399,G9676N,L 13252171,Staf,Pembelian,14670000,dipakai Kasubag Bankum
4,A. INTRA KOMPATABEL,02.02.02.02.001,Sepeda,04010030002000005,000001,Poligon   / -,-,BESI,2017,,-,-,-,-,Kabag,Pembelian,6406364,Pembelian Sepeda Poligon
5,A. INTRA KOMPATABEL,02.05.01.01.004,Mesin Ketik Listrik,04010030002000239,000001,Brother / GX8250,,Plastik,2021,-,-,-,-,-,Staf,Pembelian,3300000,Pembelian Mesin Ketik Listrik
6,A. INTRA KOMPATABEL,02.05.01.04.001,Lemari Besi/Metal,04010030002000008,000001,Brother / -,P 91 T 183 L465,Besi,1988,,-,-,-,-,Staf,Pembelian,500000,(Lemari Besi 4 sap)
7,A. INTRA KOMPATABEL,02.05.01.04.001,Lemari Besi/Metal,04010030002000009,000002,Brother / -,,Besi,2001,,-,-,-,-,Staf,Pembelian,1100000,(Lemari Besi)
8,A. INTRA KOMPATABEL,02.05.01.04.001,Lemari Besi/Metal,04010030002000010,000003,Brother / 2 pt / -,-,Besi,2001,,-,-,-,-,Staf,Pembelian,1100000,(Lemari Besi)
9,A. INTRA KOMPATABEL,02.05.01.04.001,Lemari Besi/Metal,04010030002000011,000004,Brother / -,-,Besi,2002,,-,-,-,-,Arsip,Pembelian,1200000,(Lemari Besi)
10,A. INTRA KOMPATABEL,02.05.01.04.001,Lemari Besi/Metal,04010030002000012,000006,Brother / -,"P 91 T 183 L 46,5",Besi,2002,,-,-,-,-,Staf,Pembelian,1200000,(Lemari Besi)
11,A. INTRA KOMPATABEL,02.05.01.04.001,Lemari Besi/Metal,04010030002000013,000009,Brother / -,"P 91 T 183 L 46,5",Besi,2002,,-,-,-,-,Arsip,Pembelian,1240000,Lemari besi
12,A. INTRA KOMPATABEL,02.05.01.04.001,Lemari Besi/Metal,04010030002000014,000012,Brother / -,"T 91 T 183 L 46,5",Besi,2002,,-,-,-,-,Staf,Pembelian,1240000,Lemari besi
13,A. INTRA KOMPATABEL,02.05.01.04.001,Lemari Besi/Metal,04010030002000015,000014,Brother / -,"P 91 T 183 L 46,5",Besi,2002,,-,-,-,-,Staf,Pembelian,1240000,Lemari besi
14,A. INTRA KOMPATABEL,02.05.01.04.001,Lemari Besi/Metal,04010030002000016,000017,Brother / -,"P 91 T 183 L 46,5",Besi,2002,,-,-,-,-,JDIH,Pembelian,1240000,Lemari besi
15,A. INTRA KOMPATABEL,02.05.01.04.001,Lemari Besi/Metal,04010030002000017,000018,LUFO / -,"P 01 T 183 L 46,5",Besi,2002,,-,-,-,-,Staf,Pembelian,1240000,Lemari besi
16,A. INTRA KOMPATABEL,02.05.01.04.001,Lemari Besi/Metal,04010030002000018,000019,LUFO / -,"P 91 T 183 L 46,5",Besi,2002,,-,-,-,-,Arsip,Pembelian,1240000,Lemari besi
17,A. INTRA KOMPATABEL,02.05.01.04.001,Lemari Besi/Metal,04010030002000019,000020,LUFO / -,"P 91 T 183 L 46,5",Besi,2002,,-,-,-,-,Arsip,Pembelian,1240000,Lemari besi
18,A. INTRA KOMPATABEL,02.05.01.04.001,Lemari Besi/Metal,04010030002000020,000021,LUFO / -,"P 91 T 183 L 46,5",Besi,2002,,-,-,-,-,Kabag,Pembelian,1240000,Lemari Besi
19,A. INTRA KOMPATABEL,02.05.01.04.002,Lemari Kayu,04010030002000040,000005,- / -,-,Kayu,1996,,-,-,-,-,JDIH,Pembelian,850000,Di mutasi ke kelurahan Pesurungan Lor.
20,A. INTRA KOMPATABEL,02.05.01.04.002,Lemari Kayu,04010030002000041,000006,- / -,-,Kayu,1996,,-,-,-,-,JDIH,Pembelian,850000,Di mutasi ke kelurahan pesurungan Lor
21,A. INTRA KOMPATABEL,02.05.01.04.002,Lemari Kayu,04010030002000042,000008,u/ Buku / -,-,Kayu,2000,,-,-,-,-,JDIH,Pembelian,500000,Di Mutasi ke kelurahan Pesurungan Lor
22,A. INTRA KOMPATABEL,02.05.01.04.002,Lemari Kayu,04010030002000043,000011,Arsip / -,-,Kayu,2001,,-,-,-,-,JDIH,Pembelian,750000,"(Lemari Kayu pintu 2),Di Mutasi ke Kelurahan pesurungan lor."
23,A. INTRA KOMPATABEL,02.05.01.04.003,Rak Besi,04010030002000025,000005,- / -,-,Besi,2002,,-,-,-,-,Arsip,Pembelian,1240000,Rak Besi Perpustakaan
24,A. INTRA KOMPATABEL,02.05.01.04.004,Rak Kayu,04010030002000026,000002,- / -,-,Kayu,1988,,-,-,-,-,Arsip,Pembelian,450000,(Rak Kayu 4 saf)
25,A. INTRA KOMPATABEL,02.05.01.04.004,Rak Kayu,04010030002000027,000003,Buku / -,P 160 L 38 T 180,Kayu,1988,,-,-,-,-,Arsip,Pembelian,450000,(Rak Kayu 4 saf)
26,A. INTRA KOMPATABEL,02.05.01.04.005,Filing Cabinet Besi,04010030002000029,000005,NIK / 3 laci / -,-,Besi,1998,,-,-,-,-,Staf,Pembelian,650000,(Filling Cabinet)
27,A. INTRA KOMPATABEL,02.05.01.04.005,Filing Cabinet Besi,04010030002000030,000006,Brother / 4 laci / -,-,Besi,2001,,-,-,-,-,Staf,Pembelian,1000000,(Filling Cabinet)
28,A. INTRA KOMPATABEL,02.05.01.04.005,Filing Cabinet Besi,04010030002000031,000007,Brother / -,-,Besi,2001,,-,-,-,-,Staf,Pembelian,1000000,(Filling Cabinet 4 Sap)
29,A. INTRA KOMPATABEL,02.05.01.04.005,Filing Cabinet Besi,04010030002000032,000008,LUFO 4 laci / -,P 62 L 46 T 134,Besi,2007,,-,-,-,-,Staf,Pembelian,1540000,(Filing Kabinet)
30,A. INTRA KOMPATABEL,02.05.01.04.027,Lemari Kaca,04010030002000033,000001,LUFO / -,"P 91 T 183 L 46,5","Besi, kaca",2007,,-,-,-,-,Arsip,Pembelian,1760000,(Almari Kaca pintu dorong)
31,A. INTRA KOMPATABEL,02.05.01.04.027,Lemari Kaca,04010030002000034,000002,LUFO / -,"P 91 T 183 L 46,5","Besi, kaca",2007,,-,-,-,-,Arsip,Pembelian,1760000,(Almari Kaca pintu dorong)
32,A. INTRA KOMPATABEL,02.05.01.04.027,Lemari Kaca,04010030002000035,000003,- / -,-,Kayu & Kaca,2007,,-,-,-,-,JDIH,Pembelian,2172500,(Almari Perpustakaan) Di Mutasi ke kelurahan pesurungan Lor.
33,A. INTRA KOMPATABEL,02.05.01.04.027,Lemari Kaca,04010030002000166,000004,Alba / -,"P 91 T 183 L 46,5",Besi & Kaca,2019,-,-,-,-,-,Staf,Pembelian,4400000,Pengadaan Lemari Arsip Kaca Pintu Geser
34,A. INTRA KOMPATABEL,02.05.01.04.027,Lemari Kaca,04010030002000167,000005,Alba / -,"P 91 T 183 L 46,5",-,2019,-,-,-,-,-,Staf,Pembelian,4400000,Pengadaan Lemari Arsip Kaca Pintu Geser
35,A. INTRA KOMPATABEL,02.05.01.04.027,Lemari Kaca,04010030002000168,000006,Alba / -,"P 91 T 183 L 46,5",Besi & Kaca,2019,-,-,-,-,-,Staf,Pembelian,4400000,Pengadaan Lemari Arsip Kaca Pintu Geser
36,A. INTRA KOMPATABEL,02.05.01.04.027,Lemari Kaca,04010030002000169,000007,Alba / -,"P 91 T 183 L 46,5",Besi & Kaca,2019,-,-,-,-,-,Staf,Pembelian,4400000,Pengadaan Lemari Arsip Kaca Pintu Geser
37,A. INTRA KOMPATABEL,02.05.01.05.010,Alat Penghancur Kertas,04010030002000044,000001,Secure / -,-,campuran,2014,,-,-,-,-,Staf,Pembelian,1745454,(Mesin Penghancur kertas)
38,A. INTRA KOMPATABEL,02.05.01.05.010,Alat Penghancur Kertas,04010030002000045,000002,GBC SHRED MASTER / -,-,Campuran,2018,,-,-,-,-,Staf,Pembelian,6950000,MESIN PENGHANCUR KERTAS OTOMATIS GBC SHRED MASTER
39,A. INTRA KOMPATABEL,02.05.01.05.012,Mesin Absensi,04010030002000046,000001,Finger Sport / -,-,Plastik,2013,,-,-,-,-,Depan kantor,Pembelian,4982000,(Mesin Absensi)
40,A. INTRA KOMPATABEL,02.05.01.05.043,LCD Projector/Infocus,04010030002000204,000001,Sony,,,2014,04010030002000048A,-,-,-,-,Arsip,Pembelian,10104545,(LCD Projector)
41,A. INTRA KOMPATABEL,02.05.01.05.053,Focusing Screen/Layar LCD Projector,04010030002000205,000002,ALPHA,,,2015,04010030002000049A,-,-,-,-,Arsip,Pembelian,1200000,Layar Proyektor
42,A. INTRA KOMPATABEL,02.05.02.01.002,Meja Kerja Kayu,04010030002000060,000019,- / -,P 52 L 37 T 75,Kayu,2000,,-,-,-,-,JDIH,Pembelian,400000,(Meja Kayu)
43,A. INTRA KOMPATABEL,02.05.02.01.002,Meja Kerja Kayu,04010030002000061,000020,- / -,P 52 L 37 T 75,Kayu,2000,,-,-,-,-,Kabag,Pembelian,400000,(Meja Kayu)
44,A. INTRA KOMPATABEL,02.05.02.01.002,Meja Kerja Kayu,04010030002000063,000024,- / -,P 150 L 74 T 75,Kayu,2000,,-,-,-,-,Staf,Pembelian,400000,(Meja Kayu)
45,A. INTRA KOMPATABEL,02.05.02.01.002,Meja Kerja Kayu,04010030002000064,000026,- / -,P 182 L 87 T 75,Kayu,2001,,-,-,-,-,Kabag,Pembelian,425000,(Meja Kayu)
46,A. INTRA KOMPATABEL,02.05.02.01.002,Meja Kerja Kayu,04010030002000065,000027,- / -,P 120 L 63 T 75,Kayu,2006,,-,-,-,-,Staf,Pembelian,2280000,(MejaKursi Kayu)
47,A. INTRA KOMPATABEL,02.05.02.01.002,Meja Kerja Kayu,04010030002000066,000028,- / -,P 120 L 63 T 75,Kayu,2006,,-,-,-,-,Staf,Pembelian,2280000,(Meja Kursi Kayu)
48,A. INTRA KOMPATABEL,02.05.02.01.003,Kursi Besi/Metal,04010030002000068,000002,Fentoni/Putar / -,-,Besi,1995,,-,-,-,-,JDIH,Pembelian,450000,(Kursi Besi)
49,A. INTRA KOMPATABEL,02.05.02.01.003,Kursi Besi/Metal,04010030002000070,000025,Isebel Putar / -,-,campuran,2002,,-,-,-,-,JDIH,Pembelian,400000,(Kursi Besi)
50,A. INTRA KOMPATABEL,02.05.02.01.008,Meja Rapat,04010030002000192,000001,HPL TACO / TH 134 AA Dawn concord,PxLxT = 400x150x80,Multipek,2020,,,,,,JDIH,Pembelian,13755000,Barjas Pengadaan Meja
51,A. INTRA KOMPATABEL,02.05.02.01.030,Kursi Rapat,04010030002000170,000001,Chitose,T 85 P 40 L 40,"Besi, busa",2019,-,-,-,-,-,JDIH,Pembelian,495000,Pengadaan Kursi Rapat Chitose
52,A. INTRA KOMPATABEL,02.05.02.01.030,Kursi Rapat,04010030002000171,000002,Chitose,T 85 P 40 L 40,"Besi, busa",2019,-,-,-,-,-,Staf,Pembelian,495000,Pengadaan Kursi Rapat Chitose
53,A. INTRA KOMPATABEL,02.05.02.01.030,Kursi Rapat,04010030002000172,000003,Chitose,T 85 P 40 L 40,"Besi, busa",2019,-,-,-,-,-,Staf,Pembelian,495000,Pengadaan Kursi Rapat Chitose
54,A. INTRA KOMPATABEL,02.05.02.01.030,Kursi Rapat,04010030002000173,000004,Chitose,T 85 P 40 L 40,"Besi, busa",2019,-,-,-,-,-,Staf,Pembelian,495000,Pengadaan Kursi Rapat Chitose
55,A. INTRA KOMPATABEL,02.05.02.01.030,Kursi Rapat,04010030002000174,000005,Chitose,T 85 P 40 L 40,"Besi, busa",2019,-,-,-,-,-,Staf,Pembelian,495000,Pengadaan Kursi Rapat Chitose
56,A. INTRA KOMPATABEL,02.05.02.01.030,Kursi Rapat,04010030002000175,000006,Chitose,T 85 P 40 L 40,"Besi, busa",2019,-,-,-,-,-,Staf,Pembelian,495000,Pengadaan Kursi Rapat Chitose
57,A. INTRA KOMPATABEL,02.05.02.01.030,Kursi Rapat,04010030002000176,000007,Chitose,T 85 P 40 L 40,"Besi, busa",2019,-,-,-,-,-,Staf,Pembelian,495000,Pengadaan Kursi Rapat Chitose
58,A. INTRA KOMPATABEL,02.05.02.01.030,Kursi Rapat,04010030002000177,000008,Chitose,T 85 P 40 L 40,"Besi, busa",2019,-,-,-,-,-,Staf,Pembelian,495000,Pengadaan Kursi Rapat Chitose
59,A. INTRA KOMPATABEL,02.05.02.01.030,Kursi Rapat,04010030002000178,000009,Chitose,T 85 P 40 L 40,"Besi, busa",2019,-,-,-,-,-,Staf,Pembelian,495000,Pengadaan Kursi Rapat Chitose
60,A. INTRA KOMPATABEL,02.05.02.01.030,Kursi Rapat,04010030002000179,000010,Chitose,T 85 P 40 L 40,"Besi, busa",2019,-,-,-,-,-,JDIH,Pembelian,495000,Pengadaan Kursi Rapat Chitose
61,A. INTRA KOMPATABEL,02.05.02.01.030,Kursi Rapat,04010030002000229,000011,CHITOSE / CEISARN,,BESI,2021,-,-,-,-,-,JDIH,Pembelian,500000,PENGADAAN KURSI
62,A. INTRA KOMPATABEL,02.05.02.01.030,Kursi Rapat,04010030002000230,000012,CHITOSE / CEISARN,,BESI,2021,-,-,-,-,-,JDIH,Pembelian,500000,PENGADAAN KURSI
63,A. INTRA KOMPATABEL,02.05.02.01.030,Kursi Rapat,04010030002000231,000013,CHITOSE / CEISARN,,BESI,2021,-,-,-,-,-,JDIH,Pembelian,500000,PENGADAAN KURSI
64,A. INTRA KOMPATABEL,02.05.02.01.030,Kursi Rapat,04010030002000232,000014,CHITOSE / CEISARN,,BESI,2021,-,-,-,-,-,JDIH,Pembelian,500000,PENGADAAN KURSI
65,A. INTRA KOMPATABEL,02.05.02.01.030,Kursi Rapat,04010030002000233,000015,CHITOSE / CEISARN,,BESI,2021,-,-,-,-,-,JDIH,Pembelian,500000,PENGADAAN KURSI
66,A. INTRA KOMPATABEL,02.05.02.01.030,Kursi Rapat,04010030002000234,000016,CHITOSE / CEISARN,,BESI,2021,-,-,-,-,-,JDIH,Pembelian,500000,PENGADAAN KURSI
67,A. INTRA KOMPATABEL,02.05.02.01.030,Kursi Rapat,04010030002000235,000017,CHITOSE / CEISARN,,BESI,2021,-,-,-,-,-,JDIH,Pembelian,500000,PENGADAAN KURSI
68,A. INTRA KOMPATABEL,02.05.02.01.030,Kursi Rapat,04010030002000236,000018,CHITOSE / CEISARN,,BESI,2021,-,-,-,-,-,JDIH,Pembelian,500000,PENGADAAN KURSI
69,A. INTRA KOMPATABEL,02.05.02.01.030,Kursi Rapat,04010030002000237,000019,CHITOSE / CEISARN,,BESI,2021,-,-,-,-,-,JDIH,Pembelian,500000,PENGADAAN KURSI
70,A. INTRA KOMPATABEL,02.05.02.01.030,Kursi Rapat,04010030002000238,000020,CHITOSE / CEISARN,,BESI,2021,-,-,-,-,-,JDIH,Pembelian,500000,PENGADAAN KURSI
71,A. INTRA KOMPATABEL,02.05.02.01.032,Kursi Putar,04010030002000093,000003,- / -,-,Campuran,2016,,-,-,-,-,Staf,Pembelian,750000,Kursi Putar
72,A. INTRA KOMPATABEL,02.05.02.01.032,Kursi Putar,04010030002000094,000004,- / -,-,Campuran,2016,,-,-,-,-,Staf,Pembelian,750000,Kursi Putar
73,A. INTRA KOMPATABEL,02.05.02.01.032,Kursi Putar,04010030002000095,000005,- / -,-,Campuran,2016,,-,-,-,-,Staf,Pembelian,750000,Kursi Putar
74,A. INTRA KOMPATABEL,02.05.02.01.032,Kursi Putar,04010030002000096,000006,- / -,-,Campuran,2016,,-,-,-,-,Staf,Pembelian,750000,Kursi Putar
75,A. INTRA KOMPATABEL,02.05.02.01.039,Meja Komputer,04010030002000180,000003,- / -,P 365 L 45 T 100,"Multiplek, HPL",2019,-,-,-,-,-,Staf,Pembelian,7480000,Meja Printer (Custom)
76,A. INTRA KOMPATABEL,02.05.02.04.004,A.C. Split,04010030002000102,000001,Toshiba / -,3/4 PK,Besi & Plastik,2002,,-,-,-,-,JDIH,Pembelian,5885000,(AC Split)
77,A. INTRA KOMPATABEL,02.05.02.04.004,A.C. Split,04010030002000103,000002,Thosiba / -,-,plastik/fiber,2002,,-,-,-,-,Staf,Pembelian,4700000,AC Split
78,A. INTRA KOMPATABEL,02.05.02.04.004,A.C. Split,04010030002000104,000003,Thosiba / -,-,plastik/fiber,2002,,-,-,-,-,JDIH,Pembelian,4700000,AC Split
79,A. INTRA KOMPATABEL,02.05.02.04.004,A.C. Split,04010030002000105,000004,National / -,-,plastik/fiber,2002,,-,-,-,-,Arsip,Pembelian,4700000,AC Split
80,A. INTRA KOMPATABEL,02.05.02.04.004,A.C. Split,04010030002000152,000005,daikin / -,1pk,Campuran,2019,,-,-,-,-,Kabag,Pembelian,6187500,AC Split 1PK
81,A. INTRA KOMPATABEL,02.05.02.04.004,A.C. Split,04010030002000153,000006,daikin / -,1pk,Campuran,2019,,-,-,-,-,JDIH,Pembelian,6187500,AC Split 1PK
82,A. INTRA KOMPATABEL,02.05.02.04.004,A.C. Split,04010030002000227,000007,POLYTRON / PSF 2003-1,,PLASTIK,2021,-,-,-,-,-,JDIH,Pembelian,12397000,PENGADAN AC STANDING FLOOR
83,A. INTRA KOMPATABEL,02.05.02.04.004,A.C. Split,04010030002000228,000008,POLYTRON / PSF 2003-1,,PLASTIK,2021,-,-,-,-,-,JDIH,Pembelian,12397000,PENGADAN AC STANDING FLOOR
84,A. INTRA KOMPATABEL,02.05.02.06.002,Televisi,04010030002000185,000001,Samsung / -,60 Inch,campuran,2019,-,-,-,-,-,JDIH,Pembelian,22227500,Pengadaan Televisi LED Smart TV 65 Inchi
85,A. INTRA KOMPATABEL,02.05.02.06.008,Sound System,04010030002000200,000001,Krezt,,Campuran,2020,,,,,,JDIH,Pembelian,6000000,Pengadaan Sound System + Instalasi
86,A. INTRA KOMPATABEL,02.05.02.06.018,Unit Power Supply,04010030002000211,000001,apc,800 va,0,2019,04010030002000154A,-,-,-,-,JDIH,Pembelian,1493142,ups apc
87,A. INTRA KOMPATABEL,02.05.02.06.018,Unit Power Supply,04010030002000212,000002,apc,800 va,0,2019,04010030002000155A,-,-,-,-,JDIH,Pembelian,1493143,ups apc
88,A. INTRA KOMPATABEL,02.05.02.06.018,Unit Power Supply,04010030002000213,000003,apc,800 va,0,2019,04010030002000156A,-,-,-,-,JDIH,Pembelian,1493143,ups apc
89,A. INTRA KOMPATABEL,02.05.02.06.018,Unit Power Supply,04010030002000214,000004,apc,800 va,0,2019,04010030002000157A,-,-,-,-,JDIH,Pembelian,1493143,ups apc
90,A. INTRA KOMPATABEL,02.05.02.06.018,Unit Power Supply,04010030002000215,000005,apc,800 va,0,2019,04010030002000158A,-,-,-,-,Arsip,Pembelian,1493143,ups apc
91,A. INTRA KOMPATABEL,02.05.02.06.018,Unit Power Supply,04010030002000216,000006,apc,800 va,0,2019,04010030002000159A,-,-,-,-,Arsip,Pembelian,1493143,ups apc
92,A. INTRA KOMPATABEL,02.05.02.06.018,Unit Power Supply,04010030002000217,000007,apc,800 va,0,2019,04010030002000160A,-,-,-,-,Arsip,Pembelian,1493143,ups apc
93,A. INTRA KOMPATABEL,02.05.02.06.018,Unit Power Supply,04010030002000218,000008,Indachi,,-,2019,04010030002000181A,-,-,-,-,Kabag,Pembelian,4400000,Pengadaan Kursi Kerja
94,A. INTRA KOMPATABEL,02.05.02.06.018,Unit Power Supply,04010030002000219,000009,Indachi,,-,2019,04010030002000182A,-,-,-,-,Staf,Pembelian,4400000,Pengadaan Kursi Kerja
95,A. INTRA KOMPATABEL,02.05.02.06.018,Unit Power Supply,04010030002000220,000010,Indachi,,-,2019,04010030002000183A,-,-,-,-,Staf,Pembelian,4400000,Pengadaan Kursi Kerja
96,A. INTRA KOMPATABEL,02.05.02.06.018,Unit Power Supply,04010030002000221,000011,Indachi,,-,2019,04010030002000184A,-,-,-,-,Staf,Pembelian,4400000,Pengadaan Kursi Kerja
97,A. INTRA KOMPATABEL,02.05.03.02.011,Meja Tamu Biasa,04010030002000131,000003,- / -,-,Kayu,2002,,-,-,-,-,Kabag,Pembelian,2436000,(Meja Kursi Tamu)
98,A. INTRA KOMPATABEL,02.05.03.07.006,Lemari Buku Untuk Perpustakaan,04010030002000165,000001,- / -,"Multiplek Pagar 6 mm, M Pilar 9 mm tebal 4 cm M Ra","Multiplek, HPL",2019,-,-,-,-,-,JDIH,Pembelian,49986200,Pengadaan Lemari Perpustakaan
99,A. INTRA KOMPATABEL,02.05.03.07.006,Lemari Buku Untuk Perpustakaan,04010030002000193,000002,HPL Taco / TH 134 AA Dawn Concord,PxLxT= 360x40x200,Multipek,2020,,,,,,JDIH,Pembelian,21543450,BARJAS Pengadaan Lemari
100,A. INTRA KOMPATABEL,02.06.01.02.033,Camera Wall Box,04010030002000194,000001,Logitech,,Plastik,2020,,,,,,JDIH,Pembelian,4000000,Pengadaan Kamera WEB
101,A. INTRA KOMPATABEL,02.06.01.02.126,Camera Digital,04010030002000203,000001,Nikon,,,2015,04010030002000047A,-,-,-,-,Arsip,Pembelian,5000000,Kamera digital
102,A. INTRA KOMPATABEL,02.08.01.12.024,Stabilizer,04010030002000161,000001,MATSUNAGA / -,500 VA,Besi,2019,,-,-,-,-,JDIH,Pembelian,500000,Stabilizer
103,A. INTRA KOMPATABEL,02.08.01.12.024,Stabilizer,04010030002000162,000002,MATSUNAGA / -,500 VA,Besi,2019,,-,-,-,-,Arsip,Pembelian,500000,Stabilizer
104,A. INTRA KOMPATABEL,02.08.01.12.024,Stabilizer,04010030002000163,000003,MATSUNAGA / -,500 VA,Besi,2019,,-,-,-,-,Arsip,Pembelian,500000,Stabilizer
105,A. INTRA KOMPATABEL,02.08.01.12.024,Stabilizer,04010030002000164,000004,MATSUNAGA / -,500 VA,Besi,2019,,-,-,-,-,Arsip,Pembelian,500000,Stabilizer
106,A. INTRA KOMPATABEL,02.10.01.02.001,P.C Unit,04010030002000108,000007,IBM LENOVO / -,-,Besi,2007,,-,-,-,-,JDIH,Pembelian,9940000,(Personal Computer)
107,A. INTRA KOMPATABEL,02.10.01.02.001,P.C Unit,04010030002000109,000008,Compac W185q / -,-,Besi,2010,,-,-,-,-,JDIH,Pembelian,9174750,"Monitor,Keyboard merk Compac W185Q"
108,A. INTRA KOMPATABEL,02.10.01.02.001,P.C Unit,04010030002000110,000010,"Compaq Presario S2021a, Intel Core i3 CPU 550@3,20 / -",-,campuran,2011,,-,-,-,-,Staf,Pembelian,8360200,"Monitor,Keyboard merk Compac S2021a"
109,A. INTRA KOMPATABEL,02.10.01.02.001,P.C Unit,04010030002000111,000011,Compac Presario S1922 / -,-,camouran,2012,,-,-,-,-,JDIH,Pembelian,8701000,"Monitor, Keyboard Merk Compac S1922"
110,A. INTRA KOMPATABEL,02.10.01.02.001,P.C Unit,04010030002000112,000012,HP 20 W / -,-,Campuran,2014,,-,-,-,-,Staf,Pembelian,8056863,(Komputer Desktop)
111,A. INTRA KOMPATABEL,02.10.01.02.001,P.C Unit,04010030002000113,000013,HP Pavilion W2072a / -,-,Campuran,2015,,-,-,-,-,Staf,Pembelian,9000000,Monitor merk HP w2072a
112,A. INTRA KOMPATABEL,02.10.01.02.001,P.C Unit,04010030002000114,000015,LENOVO IDEACETRE LENOVO I15C 300 90 D0009-ID / -,-,CAMPURAN,2017,,-,-,-,-,Staf,Pembelian,14988682,"INTEL CORE 15- 6400 T, RAM 4 GB"
113,A. INTRA KOMPATABEL,02.10.01.02.001,P.C Unit,04010030002000186,000016,HP / -,-,-,2019,-,-,-,-,-,Staf,Pembelian,12980000,Pengadaan Komputer PC All In One 13
114,A. INTRA KOMPATABEL,02.10.01.02.001,P.C Unit,04010030002000187,000017,HP / -,-,-,2019,-,-,-,-,-,Staf,Pembelian,12980000,Pengadaan Komputer PC All In One 13
115,A. INTRA KOMPATABEL,02.10.01.02.001,P.C Unit,04010030002000188,000018,HP / -,-,-,2019,-,-,-,-,-,Staf,Pembelian,12980000,Pengadaan Komputer PC All In One 13
116,A. INTRA KOMPATABEL,02.10.01.02.002,Lap Top,04010030002000116,000004,HP / -,-,Campuran,2015,,-,-,-,-,Staf,Pembelian,10000000,dipakai Kasubag Bankum
117,A. INTRA KOMPATABEL,02.10.01.02.002,Lap Top,04010030002000223,000005,DELT / P102F002,,PLASTIK,2021,-,-,-,-,-,Kabag,Pembelian,19250000,PENGADAAN LAPTOP
118,A. INTRA KOMPATABEL,02.10.01.02.002,Lap Top,04010030002000224,000006,DELT / P102F002,,PLASTIK,2021,-,-,-,-,-,Staf,Pembelian,19250000,PENGADAAN LAPTOP
119,A. INTRA KOMPATABEL,02.10.01.02.002,Lap Top,04010030002000225,000007,DELT / P102F002,,PLASTIK,2021,-,-,-,-,-,Staf,Pembelian,19250000,PENGADAAN LAPTOP
120,A. INTRA KOMPATABEL,02.10.01.02.002,Lap Top,04010030002000226,000008,DELT / P102F002,,PLASTIK,2021,-,-,-,-,-,Staf,Pembelian,19250000,PENGADAAN LAPTOP
121,A. INTRA KOMPATABEL,02.10.01.02.003,Note Book,04010030002000117,000001,Toshiba Satelite M500-S432 / -,-,Campuran,2010,,-,-,-,-,Arsip,Pembelian,17925000,(Notebook)
122,A. INTRA KOMPATABEL,02.10.01.02.009,Tablet PC,04010030002000206,000001,"Samsung Galaxy Tab S, 8.4 inch LTE White",,,2014,04010030002000118A,-,-,-,-,Kabag,Pembelian,7967500,(PC Tablet)
123,A. INTRA KOMPATABEL,02.10.01.02.010,Personal Komputer lainnya,04010030002000122,000005,Windows 8.1PROx64 / -,-,-,2015,,-,-,-,-,JDIH,Pembelian,3000000,Software OS
124,A. INTRA KOMPATABEL,02.10.02.02.016,Speaker Komputer,04010030002000207,000001,Simbadda CTS5100N,,,2015,04010030002000120A,-,-,-,-,Staf,Pembelian,700000,Speaker Aktif
125,A. INTRA KOMPATABEL,02.10.02.03.003,Printer (Peralatan Personal Komputer),04010030002000124,000001,BROTHER DCP L 2540 DW / -,-,Campuran,2018,,-,-,-,-,Staf,Pembelian,2982274,PRINTER LASER BROTHER DCP L 2540 DW
126,A. INTRA KOMPATABEL,02.10.02.03.003,Printer (Peralatan Personal Komputer),04010030002000125,000002,BROTHER T 700 W / -,-,Campuran,2018,,-,-,-,-,Staf,Pembelian,3976364,PRINTER BROTHER T 700 W
127,A. INTRA KOMPATABEL,02.10.02.03.003,Printer (Peralatan Personal Komputer),04010030002000189,000003,Canon / -,-,-,2019,-,-,-,-,-,Arsip,Pembelian,4957500,Pengadaan Printer Multifungsi ADF
128,A. INTRA KOMPATABEL,02.10.02.03.003,Printer (Peralatan Personal Komputer),04010030002000190,000004,Canon / -,-,campuran,2019,-,-,-,-,-,Staf,Pembelian,4957500,Pengadaan Printer Multifungsi ADF
129,A. INTRA KOMPATABEL,02.10.02.03.003,Printer (Peralatan Personal Komputer),04010030002000191,000005,Epson LQ 2190 / -,-,Campuran,2019,-,-,-,-,-,JDIH,Pembelian,11777500,Pengadaan Printer Dotmatrix A3
130,A. INTRA KOMPATABEL,02.10.02.03.003,Printer (Peralatan Personal Komputer),04010030002000128,000011,Brother DCP1510 / -,-,Campuran,2014,,-,-,-,-,Staf,Pembelian,1350000,(Printer Laser multifunction)
131,A. INTRA KOMPATABEL,02.10.02.03.003,Printer (Peralatan Personal Komputer),04010030002000129,000013,Brother DCP T 700 W  / -,-,Campuran,2017,,-,-,-,-,Staf,Pembelian,2982272,PEMBELIAN PRINTER
132,A. INTRA KOMPATABEL,02.10.02.03.003,Printer (Peralatan Personal Komputer),04010030002000209,000014,Epson L210,,,2015,04010030002000123A,-,-,-,-,Staf,Pembelian,3000000,Printer
133,A. INTRA KOMPATABEL,02.10.02.03.004,Scanner (Peralatan Personal Komputer),04010030002000130,000001,Panasonic KV S1015C / -,-,Campuran,2015,,-,-,-,-,Staf,Pembelian,4997300,Scanner
134,A. INTRA KOMPATABEL,02.10.02.03.004,Scanner (Peralatan Personal Komputer),04010030002000202,000002,HP SCANJET PRO 2500 F1,,,2018,04010030002000006A,-,-,-,-,Staf,Pembelian,8394546,SCANER HP SCANJET PRO 2500 F1
135,A. INTRA KOMPATABEL,02.10.02.04.024,Switch,04010030002000208,000001,D-Link DES-1008A,,,2015,04010030002000121A,-,-,-,-,Staf,Pembelian,700000,Switch Hub
136,B. EKSTRA KOMPATABEL,02.05.01.01.002,Mesin Ketik Manual Standard (14-16 Inci),04010030002000007,000001,Olivety / -,-,Besi,1993,,-,-,-,-,Arsip,Pembelian,350000,(Mesin Ketik)
137,B. EKSTRA KOMPATABEL,02.05.01.04.002,Lemari Kayu,04010030002000036,000001,- / -,l 55 P114 T 174,Kayu,1980,,-,-,-,-,Kabag,Pembelian,250000,(Lemari Kayu)
138,B. EKSTRA KOMPATABEL,02.05.01.04.002,Lemari Kayu,04010030002000037,000002,3 pintu / -,-,Kayu,1988,,-,-,-,-,JDIH,Pembelian,250000,(Lemari Kayu)
139,B. EKSTRA KOMPATABEL,02.05.01.04.002,Lemari Kayu,04010030002000038,000003,- / -,L 40 P 160 T 155,Kayu,1988,,-,-,-,-,JDIH,Pembelian,300000,(Lemari kayu)
140,B. EKSTRA KOMPATABEL,02.05.01.04.002,Lemari Kayu,04010030002000039,000004,Katalog / -,P 100 L 40 T 122,Kayu,1995,,-,-,-,-,Staf,Pembelian,250000,(Lemari Kayu)
141,B. EKSTRA KOMPATABEL,02.05.01.04.003,Rak Besi,04010030002000099,000001,- / -,P 115 L 58,Kayu,2000,,-,-,-,-,JDIH,Pembelian,350000,(Meja Baca)
142,B. EKSTRA KOMPATABEL,02.05.01.04.003,Rak Besi,04010030002000100,000002,- / -,P 115 L 58,Kayu,2000,,-,-,-,-,JDIH,Pembelian,350000,(Meja Baca) Di mutasi ke kelurahan Pesurungan lor
143,B. EKSTRA KOMPATABEL,02.05.01.04.003,Rak Besi,04010030002000101,000003,- / -,P 115 L 58,Kayu,2000,,-,-,-,-,JDIH,Pembelian,350000,(Meja Baca) Di mutasi ke Kelurahan Pesurungan Lor
144,B. EKSTRA KOMPATABEL,02.05.01.04.005,Filing Cabinet Besi,04010030002000028,000003,Daichi / -,-,Besi,1988,,-,-,-,-,Staf,Pembelian,350000,(Filling Cabinet 3 Sap)
145,B. EKSTRA KOMPATABEL,02.05.02.01.002,Meja Kerja Kayu,04010030002000050,000001,- / -,P 115 L60 T 75,Kayu,1993,,-,-,-,-,Depan kantor,Pembelian,150000,(Meja Kayu)
146,B. EKSTRA KOMPATABEL,02.05.02.01.002,Meja Kerja Kayu,04010030002000051,000004,1/2 Biro / -,P 120 L60 T 75,Kayu,1993,,-,-,-,-,Staf,Pembelian,250000,(Meja Kayu)
147,B. EKSTRA KOMPATABEL,02.05.02.01.002,Meja Kerja Kayu,04010030002000052,000005,1/2 Biro / -,P 120 L60 T 75,Kayu,1993,,-,-,-,-,Staf,Pembelian,250000,(Meja Kayu)
148,B. EKSTRA KOMPATABEL,02.05.02.01.002,Meja Kerja Kayu,04010030002000053,000006,- / -,P 120 L60 T 75,Kayu,1995,,-,-,-,-,Depan kantor,Pembelian,150000,(Meja Kayu)
149,B. EKSTRA KOMPATABEL,02.05.02.01.002,Meja Kerja Kayu,04010030002000056,000007,- / -,P 158 L 80 T 75,Kayu,1995,,-,-,-,-,Depan kantor,Pembelian,250000,(Meja Kayu)
150,B. EKSTRA KOMPATABEL,02.05.02.01.002,Meja Kerja Kayu,04010030002000057,000008,- / -,P124 L 67 T 75,Kayu,1995,,-,-,-,-,JDIH,Pembelian,150000,(Meja Kayu)
151,B. EKSTRA KOMPATABEL,02.05.02.01.002,Meja Kerja Kayu,04010030002000054,000009,- / -,P124 L 67 T 75,Kayu,1995,,-,-,-,-,JDIH,Pembelian,150000,(Meja Kayu)
152,B. EKSTRA KOMPATABEL,02.05.02.01.002,Meja Kerja Kayu,04010030002000055,000011,- / -,P 135 L 73 T 75,Kayu,1995,,-,-,-,-,Staf,Pembelian,250000,(Meja Kayu)
153,B. EKSTRA KOMPATABEL,02.05.02.01.002,Meja Kerja Kayu,04010030002000058,000012,Biro / -,P 135 L 73 T 75,Kayu,1995,,-,-,-,-,Staf,Pembelian,250000,(Meja Kayu)
154,B. EKSTRA KOMPATABEL,02.05.02.01.002,Meja Kerja Kayu,04010030002000059,000013,1/2 Biro / -,P 155 L78 T 75,Kayu,1995,,-,-,-,-,Depan kantor,Pembelian,250000,(Meja Kayu)
155,B. EKSTRA KOMPATABEL,02.05.02.01.002,Meja Kerja Kayu,04010030002000062,000023,- / -,P 119 L 63 T 75,Kayu,2000,,-,-,-,-,Staf,Pembelian,250000,(Meja Kayu)
156,B. EKSTRA KOMPATABEL,02.05.02.01.003,Kursi Besi/Metal,04010030002000071,000026,Chitose / -,-,besi,2002,,-,-,-,-,Staf,Pembelian,330000,Kursi Lipat
157,B. EKSTRA KOMPATABEL,02.05.02.01.003,Kursi Besi/Metal,04010030002000072,000027,Chitose / -,-,besi,2002,,-,-,-,-,Staf,Pembelian,330000,Kursi Lipat
158,B. EKSTRA KOMPATABEL,02.05.02.01.003,Kursi Besi/Metal,04010030002000073,000028,Chitose / -,-,besi,2002,,-,-,-,-,Staf,Pembelian,330000,Kursi Lipat
159,B. EKSTRA KOMPATABEL,02.05.02.01.003,Kursi Besi/Metal,04010030002000074,000029,Chitose / -,-,besi,2002,,-,-,-,-,Staf,Pembelian,330000,Kursi Lipat
160,B. EKSTRA KOMPATABEL,02.05.02.01.003,Kursi Besi/Metal,04010030002000075,000030,Chitose / -,-,besi,2002,,-,-,-,-,JDIH,Pembelian,330000,Kursi Lipat
161,B. EKSTRA KOMPATABEL,02.05.02.01.003,Kursi Besi/Metal,04010030002000076,000031,Chitose / -,-,besi,2002,,-,-,-,-,JDIH,Pembelian,330000,Kursi Lipat
162,B. EKSTRA KOMPATABEL,02.05.02.01.003,Kursi Besi/Metal,04010030002000077,000032,Chitose / -,-,besi,2002,,-,-,-,-,JDIH,Pembelian,330000,Kursi Lipat
163,B. EKSTRA KOMPATABEL,02.05.02.01.003,Kursi Besi/Metal,04010030002000078,000033,Chitose / -,-,besi,2002,,-,-,-,-,Kabag,Pembelian,330000,Kursi Lipat
164,B. EKSTRA KOMPATABEL,02.05.02.01.003,Kursi Besi/Metal,04010030002000079,000034,Chitose / -,-,besi,2002,,-,-,-,-,Kabag,Pembelian,330000,Kursi Lipat
165,B. EKSTRA KOMPATABEL,02.05.02.01.003,Kursi Besi/Metal,04010030002000080,000035,Chitose / -,-,besi,2002,,-,-,-,-,Kabag,Pembelian,330000,kursi lipat
166,B. EKSTRA KOMPATABEL,02.05.02.01.004,Kursi Kayu,04010030002000085,000006,Jok Busa / -,T 90 L 40 P 50,Kayu,1995,,-,-,-,-,Depan kantor,Pembelian,60000,(Kursi Kayu)
167,B. EKSTRA KOMPATABEL,02.05.02.01.004,Kursi Kayu,04010030002000086,000007,Jok Busa / -,T 90 L 40 P 50,Kayu,1995,,-,-,-,-,Depan kantor,Pembelian,60000,(Kursi Kayu)
168,B. EKSTRA KOMPATABEL,02.05.02.01.004,Kursi Kayu,04010030002000087,000008,- / -,l 56 T 80 P 52,Kayu,1995,,-,-,-,-,Staf,Pembelian,100000,(Kursi Kayu)
169,B. EKSTRA KOMPATABEL,02.05.02.01.004,Kursi Kayu,04010030002000088,000009,- / -,T 80 L 56 P 52,Kayu,1995,,-,-,-,-,Staf,Pembelian,100000,(Kursi Kayu)
170,B. EKSTRA KOMPATABEL,02.05.02.01.06.014,Microphone,04010030002000195,000001,Shure / KSM8,,Campuran,2020,,,,,,JDIH,Pembelian,250000,Pengadaan Microphone
171,B. EKSTRA KOMPATABEL,02.05.02.06.014,Microphone,04010030002000196,000002,Shure / KSM8,,Campuran,2020,,,,,,JDIH,Pembelian,250000,Pengadaan Microphone
172,B. EKSTRA KOMPATABEL,02.05.02.06.014,Microphone,04010030002000197,000003,Shure / KSM8,,Campuran,2020,,,,,,JDIH,Pembelian,250000,Pengadaan Microphone
173,B. EKSTRA KOMPATABEL,02.05.02.06.014,Microphone,04010030002000198,000004,Shure / KSM8,,Campuran,2020,,,,,,JDIH,Pembelian,250000,Pengadaan Microphone
174,B. EKSTRA KOMPATABEL,02.05.02.06.014,Microphone,04010030002000199,000005,Shure / KSM8,,Campuran,2020,,,,,,JDIH,Pembelian,250000,Pengadaan Microphone
175,C. ASET LAINNYA (RB),02.05.01.04.003,Rak Besi,04010030002000021,000012,Arsip / -,-,Besi,1995,,,,,,Depan kantor,Pembelian,750000,(Rak Besi) (P3D)
176,C. ASET LAINNYA (RB),02.05.01.04.003,Rak Besi,04010030002000022,000013,Arsip / -,-,Besi,1995,,,,,,Depan kantor,Pembelian,750000,(Rak Besi) (P3D)
177,C. ASET LAINNYA (RB),02.05.01.05.043,LCD Projector/Infocus,04010030002000210,000002,-,,,2004,04010030002000134A,-,-,-,-,JDIH,Pembelian,42900000,"(LCD Proyektor),"
178,C. ASET LAINNYA (RB),02.05.02.01.003,Kursi Besi/Metal,04010030002000067,000001,Komputer / -,-,Besi,1995,,-,-,-,-,JDIH,Pembelian,250000,(Kursi Besi)
179,C. ASET LAINNYA (RB),02.05.02.01.003,Kursi Besi/Metal,04010030002000069,000020,Isabel / -,-,,2002,,,,,,Staf,Pembelian,200000,(Kursi Besi) (P3D)
180,C. ASET LAINNYA (RB),02.05.02.01.004,Kursi Kayu,04010030002000081,000002,- / -,T 90 L 40 P 50,Kayu,1995,,-,-,-,-,Staf,Pembelian,100000,(Kursi Kayu)
181,C. ASET LAINNYA (RB),02.05.02.01.004,Kursi Kayu,04010030002000082,000003,Jok Busa / -,T 90 L 40 P 50,Kayu,1995,,-,-,-,-,Depan kantor,Pembelian,60000,(Kursi Kayu)
182,C. ASET LAINNYA (RB),02.05.02.01.004,Kursi Kayu,04010030002000083,000004,Jok Busa / -,T 90 L 40 P 50,Kayu,1995,,-,-,-,-,Depan kantor,Pembelian,60000,(Kursi Kayu)
183,C. ASET LAINNYA (RB),02.05.02.01.004,Kursi Kayu,04010030002000084,000005,Jok Busa / -,T 90 L 40 P 50,Kayu,1995,,-,-,-,-,Depan kantor,Pembelian,60000,(Kursi Kayu)
184,C. ASET LAINNYA (RB),02.05.02.01.004,Kursi Kayu,04010030002000089,000010,-,-,Kayu,1995,,,,,,Depan kantor,Pembelian,100000,(Kursi Kayu) (P3D)
185,C. ASET LAINNYA (RB),02.05.02.01.004,Kursi Kayu,04010030002000090,000011,-,-,Kayu,1995,,,,,,Depan kantor,Pembelian,100000,(Kursi Kayu) (P3D)
186,C. ASET LAINNYA (RB),02.05.02.01.004,Kursi Kayu,04010030002000091,000014,-,-,Kayu,2000,,,,,,Depan kantor,Pembelian,150000,(Kursi Kayu) (P3D)
187,C. ASET LAINNYA (RB),02.05.02.01.032,Kursi Putar,04010030002000092,000002,- / -,-,Campuran,2016,,-,-,-,-,Depan kantor,Pembelian,750000,Kursi Putar
188,C. ASET LAINNYA (RB),02.05.02.01.039,Meja Komputer,04010030002000097,000001,Isebel / putar / -,-,,1991,,,,,,Depan kantor,Pembelian,100000,(Meja Komputer) (P3D)
189,C. ASET LAINNYA (RB),02.05.02.01.039,Meja Komputer,04010030002000098,000002,Isebel / putar / -,-,,1991,,,,,,Depan kantor,Pembelian,100000,(Meja Komputer) (P3D)
190,C. ASET LAINNYA (RB),02.05.02.01.04.006,Kipas Angin,04010030002000106,000001,National / -,-,,2000,,,,,,Arsip,Pembelian,80000,(Kipas Angin) (P3D)
191,C. ASET LAINNYA (RB),02.05.02.06.018,Unit Power Supply,04010030002000222,000012,Prolink PRO700VU,,,2015,04010030002000119A,-,-,-,-,Arsip,Pembelian,1000000,UPS
192,C. ASET LAINNYA (RB),02.10.01.02.001,P.C Unit,04010030002000107,000006,Pentium 4 / -,-,,2002,,,,,,Arsip,Pembelian,8900100,(Komputer) (P3D)
193,C. ASET LAINNYA (RB),02.10.01.02.002,Lap Top,04010030002000115,000003,HP14 Notebook PC / -,-,,2015,,,,,,Arsip,Pembelian,10000000, (P3D)
194,C. ASET LAINNYA (RB),02.10.02.03.003,Printer (Peralatan Personal Komputer),04010030002000126,000007,HP P2015d / -,-,,2007,,,,,,Arsip,Pembelian,5435000,(Printer laser Jet) (P3D)
195,C. ASET LAINNYA (RB),02.10.02.03.003,Printer (Peralatan Personal Komputer),04010030002000127,000010,Canon MX357 / -,-,,2011,,,,,,Arsip,Pembelian,1988800,(Printer) (P3D)
